Sample,24.CB,27.CB,29.CB,31.CB,32.CB,33.CB,34.CB,35.CB,36.CB,37.CB,38.CB,39.CB
k__Bacteria;p__Cyanobacteria;c__Chloroplast;o__Streptophyta;f__,127466,78790,90441,1057,122245,145831,82848,75838,58703,81539,123419,332
k__Bacteria;p__Firmicutes;c__Bacilli;o__Lactobacillales;f__Enterococcaceae,2095,640,96,25732,113,1342,10086,411,454,102,1808,813
k__Bacteria;p__Firmicutes;c__Bacilli;o__Bacillales;f__Staphylococcaceae,56,63,92,0,0,51,14,2216,3280,233,535,12768
k__Bacteria;p__Proteobacteria;c__Alphaproteobacteria;o__Rickettsiales;f__mitochondria,1357,951,1031,114,2178,1495,521,856,1222,1376,981,0
k__Bacteria;p__Firmicutes;c__Clostridia;o__Clostridiales;f__Eubacteriaceae,0,0,0,0,0,0,0,0,0,0,0,0
k__Bacteria;p__Proteobacteria;c__Alphaproteobacteria;o__Sphingomonadales;f__Sphingomonadaceae,0,0,168,43,91,138,54,311,406,395,78,0
k__Bacteria;p__Firmicutes;c__Bacilli;o__Bacillales;f__Planococcaceae,81,9,9,90,0,75,45,673,375,72,139,1420
k__Bacteria;p__Proteobacteria;c__Betaproteobacteria;o__Burkholderiales;f__Comamonadaceae,306,0,412,0,382,146,57,279,31,542,284,0
k__Bacteria;p__Proteobacteria;c__Gammaproteobacteria;o__Pseudomonadales;f__Moraxellaceae,84,50,78,0,289,72,42,242,100,79,405,0
k__Bacteria;p__Actinobacteria;c__Actinobacteria;o__Actinomycetales;__,9,4,205,4,13,0,25,13,0,238,0,0
k__Bacteria;p__Firmicutes;c__Clostridia;o__Clostridiales;f__Clostridiaceae,0,0,0,20,0,0,0,0,0,0,0,0
k__Bacteria;p__Proteobacteria;c__Alphaproteobacteria;o__Rhizobiales;f__Methylobacteriaceae,0,28,0,19,0,111,95,58,141,48,22,0
k__Bacteria;p__Proteobacteria;c__Betaproteobacteria;o__Burkholderiales;f__Oxalobacteraceae,49,25,68,0,166,0,0,132,149,123,0,0
k__Bacteria;p__Actinobacteria;c__Actinobacteria;o__Actinomycetales;f__Corynebacteriaceae,161,158,768,24,107,0,343,226,208,68,301,9
k__Bacteria;p__Bacteroidetes;c__Flavobacteriia;o__Flavobacteriales;f__Flavobacteriaceae,0,0,0,4,53,0,0,44,42,116,40,0
k__Bacteria;p__Actinobacteria;c__Actinobacteria;o__Actinomycetales;f__Micrococcaceae,17,0,114,0,118,19,129,300,15,631,164,6
k__Bacteria;p__Proteobacteria;c__Gammaproteobacteria;o__Legionellales;f__,0,0,0,0,0,0,0,0,0,0,0,0
k__Bacteria;p__Proteobacteria;c__Gammaproteobacteria;o__Pseudomonadales;f__Pseudomonadaceae,0,65,85,18,223,0,66,597,139,379,170,0
k__Bacteria;p__Proteobacteria;c__Gammaproteobacteria;o__Xanthomonadales;f__Xanthomonadaceae,0,70,99,11,76,36,0,38,54,457,0,15
k__Bacteria;p__Firmicutes;c__Clostridia;o__Clostridiales;__,0,0,0,0,8,0,120,0,0,196,0,0
k__Bacteria;p__Firmicutes;c__Bacilli;o__Bacillales;__,0,0,82,0,0,0,0,667,264,14,115,70
k__Bacteria;p__Firmicutes;c__Bacilli;o__Bacillales;f__Paenibacillaceae,0,0,45,0,0,64,0,134,321,0,0,0
k__Bacteria;p__Proteobacteria;c__Alphaproteobacteria;o__Rhodobacterales;f__Rhodobacteraceae,59,34,0,0,0,53,0,74,47,0,0,0
k__Bacteria;p__Proteobacteria;c__Gammaproteobacteria;__;__,117,0,0,0,0,74,0,252,0,9,0,0
k__Bacteria;p__Firmicutes;c__Clostridia;o__Clostridiales;f__[Tissierellaceae],0,0,33,0,0,112,0,0,0,54,0,0
k__Bacteria;p__Actinobacteria;c__Actinobacteria;o__Actinomycetales;f__Geodermatophilaceae,0,0,0,14,0,0,0,174,126,0,0,0
k__Bacteria;p__Firmicutes;c__Bacilli;o__Lactobacillales;__,88,45,8,106,11,0,297,8,101,0,349,0
k__Bacteria;p__Firmicutes;c__Bacilli;o__Bacillales;f__Bacillaceae,0,0,304,0,0,49,128,651,634,350,293,12
k__Bacteria;p__Firmicutes;c__Bacilli;o__Lactobacillales;f__Carnobacteriaceae,79,0,106,95,0,40,218,3,56,4,98,0
k__Bacteria;p__Firmicutes;c__Bacilli;__;__,0,0,0,11,0,0,283,77,0,5,10,110
k__Bacteria;p__Cyanobacteria;c__Chloroplast;o__Chlorophyta;f__,289,0,0,0,0,0,0,0,0,0,0,0
k__Bacteria;p__Firmicutes;c__Bacilli;o__Lactobacillales;f__Streptococcaceae,29,97,39,25,152,0,83,0,4,175,107,0
k__Bacteria;p__Actinobacteria;c__Actinobacteria;o__Actinomycetales;f__Actinomycetaceae,68,0,0,0,189,6,54,0,0,0,0,0
k__Bacteria;p__Proteobacteria;c__Alphaproteobacteria;o__Rhodobacterales;f__Hyphomonadaceae,0,0,0,0,0,0,0,96,0,0,0,0
k__Bacteria;p__Proteobacteria;c__Gammaproteobacteria;o__Enterobacteriales;f__Enterobacteriaceae,34,0,47,11,3,42,0,546,597,96,43,7
k__Bacteria;p__Actinobacteria;c__Acidimicrobiia;o__Acidimicrobiales;f__EB1017,0,0,0,0,0,0,0,0,88,0,0,0
k__Bacteria;p__Actinobacteria;c__Thermoleophilia;o__Solirubrobacterales;f__,0,0,0,3,0,0,0,235,159,45,0,0
k__Bacteria;p__Firmicutes;c__Clostridia;o__Clostridiales;f__Lachnospiraceae,0,0,0,0,47,0,130,0,0,0,0,0
k__Bacteria;p__Cyanobacteria;__;__;__,7,112,0,0,67,30,10,0,63,84,144,0
k__Bacteria;p__Actinobacteria;c__Actinobacteria;o__Bifidobacteriales;f__Bifidobacteriaceae,0,0,53,0,0,83,0,67,0,0,0,0
k__Archaea;p__Crenarchaeota;c__Thaumarchaeota;o__Nitrososphaerales;f__Nitrososphaeraceae,0,0,0,0,0,0,0,81,0,0,0,0
k__Bacteria;p__Actinobacteria;c__Actinobacteria;o__Actinomycetales;f__Brevibacteriaceae,0,68,42,0,0,0,0,49,0,81,0,0
k__Bacteria;p__Proteobacteria;c__Alphaproteobacteria;o__Rhizobiales;f__Rhizobiaceae,0,0,0,0,80,0,59,74,219,0,0,0
k__Bacteria;p__Actinobacteria;c__Thermoleophilia;o__Solirubrobacterales;f__Solirubrobacteraceae,0,0,0,0,0,0,0,159,65,0,0,0
k__Bacteria;p__Proteobacteria;c__Gammaproteobacteria;o__Legionellales;f__Legionellaceae,0,0,0,0,0,0,0,79,31,0,0,0
k__Bacteria;p__Proteobacteria;c__Betaproteobacteria;o__Neisseriales;f__Neisseriaceae,53,48,2,0,0,0,0,44,0,78,0,0
k__Bacteria;p__Armatimonadetes;c__Chthonomonadetes;o__SJA-22;f__,0,0,0,0,0,0,0,0,77,0,0,0
k__Bacteria;p__Actinobacteria;c__Actinobacteria;o__Actinomycetales;f__Nocardioidaceae,0,0,0,0,66,0,0,145,123,42,35,0
k__Bacteria;p__Proteobacteria;c__Alphaproteobacteria;o__Rhizobiales;f__Beijerinckiaceae,0,0,0,0,0,0,0,0,75,0,0,0
k__Bacteria;p__Actinobacteria;c__Actinobacteria;o__Actinomycetales;f__Microbacteriaceae,0,0,92,21,17,0,0,110,181,0,117,0
k__Bacteria;p__Firmicutes;c__Bacilli;o__Lactobacillales;f__Lactobacillaceae,0,0,51,0,0,0,0,20,0,80,219,0
k__Bacteria;p__Proteobacteria;c__Alphaproteobacteria;o__Caulobacterales;f__Caulobacteraceae,0,0,151,12,39,0,0,130,39,0,0,0
k__Bacteria;p__Cyanobacteria;c__;o__;f__,0,0,0,0,0,0,0,0,73,0,0,0
k__Bacteria;p__Bacteroidetes;c__Bacteroidia;o__Bacteroidales;f__,0,0,0,0,0,0,0,0,0,73,0,0
k__Bacteria;p__Bacteroidetes;c__[Saprospirae];o__[Saprospirales];f__Chitinophagaceae,0,72,72,0,0,0,0,0,65,0,0,0
k__Bacteria;p__Firmicutes;c__Bacilli;o__Gemellales;f__Gemellaceae,0,0,72,0,0,0,0,0,0,0,0,0
k__Bacteria;p__Chloroflexi;c__TK17;o__mle1-48;f__,0,0,0,0,0,0,0,72,0,0,0,0
k__Bacteria;p__Chloroflexi;c__Ktedonobacteria;o__Ktedonobacterales;f__Ktedonobacteraceae,0,0,0,0,0,0,0,0,72,0,0,0
k__Bacteria;p__Bacteroidetes;c__Cytophagia;o__Cytophagales;f__Cytophagaceae,0,30,0,0,0,0,0,66,149,0,0,0
k__Bacteria;p__Proteobacteria;c__Alphaproteobacteria;o__Rhizobiales;f__Aurantimonadaceae,0,0,0,41,0,0,0,215,258,0,67,0
k__Bacteria;p__Proteobacteria;c__Alphaproteobacteria;o__Rhodospirillales;f__Acetobacteraceae,0,31,0,0,0,0,31,48,83,0,110,0
k__Bacteria;p__Cyanobacteria;c__Chloroplast;o__Stramenopiles;f__,0,0,94,0,0,0,0,0,0,0,0,0
k__Bacteria;p__Firmicutes;c__Clostridia;o__Clostridiales;f__Ruminococcaceae,0,0,0,0,104,0,191,0,28,0,0,0
k__Bacteria;p__Gemmatimonadetes;c__Gemm-3;o__;f__,0,0,0,0,0,0,0,135,53,0,0,0
k__Bacteria;p__Proteobacteria;c__Deltaproteobacteria;o__Bdellovibrionales;f__Bdellovibrionaceae,0,0,0,0,67,0,0,52,0,0,0,0
k__Bacteria;p__Proteobacteria;c__Gammaproteobacteria;o__Alteromonadales;f__[Chromatiaceae],4,0,0,0,0,0,0,66,12,0,0,0
k__Bacteria;p__Chloroflexi;c__Thermomicrobia;o__JG30-KF-CM45;f__,0,0,0,0,0,0,0,0,66,0,0,0
k__Bacteria;p__Firmicutes;c__Bacilli;o__Lactobacillales;f__Leuconostocaceae,0,0,109,0,0,0,0,54,65,0,0,0
k__Bacteria;p__Actinobacteria;c__Actinobacteria;o__Actinomycetales;f__Kineosporiaceae,0,0,0,9,0,0,0,156,166,0,84,0
k__Bacteria;p__Actinobacteria;c__Thermoleophilia;o__Solirubrobacterales;f__Conexibacteraceae,0,0,0,0,0,0,0,0,64,0,0,0
k__Bacteria;p__Actinobacteria;c__Actinobacteria;o__Actinomycetales;f__Mycobacteriaceae,34,0,0,0,0,0,45,63,0,0,0,0
k__Bacteria;p__Proteobacteria;c__Alphaproteobacteria;o__Rhodospirillales;f__Rhodospirillaceae,0,0,0,0,102,0,0,0,109,0,0,0
k__Bacteria;p__Actinobacteria;c__Actinobacteria;o__Actinomycetales;f__Streptomycetaceae,0,0,0,0,0,0,0,89,87,0,0,0
k__Bacteria;p__Bacteroidetes;c__Flavobacteriia;o__Flavobacteriales;f__[Weeksellaceae],60,0,122,17,0,0,0,0,39,117,0,0
k__Bacteria;p__Fusobacteria;c__Fusobacteriia;o__Fusobacteriales;f__Fusobacteriaceae,0,0,61,0,0,0,76,0,0,0,0,0
k__Bacteria;p__Proteobacteria;c__Gammaproteobacteria;o__Methylococcales;f__Crenotrichaceae,0,0,0,0,0,0,0,61,0,0,0,0
k__Bacteria;p__Acidobacteria;c__[Chloracidobacteria];o__RB41;f__,0,0,0,0,0,0,0,0,115,0,0,0
k__Bacteria;p__Cyanobacteria;c__4C0d-2;o__SM1D11;f__,0,0,0,0,0,0,0,0,0,60,0,0
k__Bacteria;p__Actinobacteria;c__Rubrobacteria;o__Rubrobacterales;f__Rubrobacteraceae,0,0,0,0,0,0,0,0,59,0,0,0
k__Bacteria;p__Actinobacteria;c__Thermoleophilia;o__Gaiellales;f__Gaiellaceae,0,0,0,0,0,0,0,47,94,0,0,0
k__Bacteria;p__Bacteroidetes;c__Sphingobacteriia;o__Sphingobacteriales;f__Sphingobacteriaceae,0,0,41,0,0,0,0,92,42,64,0,0
k__Bacteria;p__Gemmatimonadetes;c__Gemmatimonadetes;o__Gemmatimonadales;f__Ellin5301,0,0,0,0,0,0,0,0,58,0,0,0
k__Bacteria;p__Firmicutes;c__Bacilli;o__Lactobacillales;f__Aerococcaceae,0,0,74,0,0,0,57,0,0,0,0,0
k__Bacteria;p__Actinobacteria;c__Actinobacteria;o__Actinomycetales;f__Dermabacteraceae,0,0,0,0,0,0,0,90,0,0,0,0
k__Bacteria;p__Planctomycetes;c__Planctomycetia;o__Planctomycetales;f__Planctomycetaceae,0,0,0,0,0,35,0,57,0,0,0,0
k__Bacteria;p__Acidobacteria;c__[Chloracidobacteria];o__RB41;f__Ellin6075,0,0,0,20,0,0,0,57,0,0,0,0
k__Bacteria;p__Actinobacteria;c__MB-A2-108;o__0319-7L14;f__,0,0,0,0,0,0,0,0,100,0,0,0
k__Bacteria;p__Planctomycetes;c__Phycisphaerae;o__WD2101;f__,0,0,0,0,0,0,0,0,56,0,0,0
k__Bacteria;p__Proteobacteria;c__Deltaproteobacteria;o__Myxococcales;f__,0,0,0,0,0,0,0,12,48,61,0,0
k__Bacteria;p__Acidobacteria;c__Solibacteres;o__Solibacterales;f__,0,0,0,0,0,0,0,0,54,0,0,0
k__Bacteria;p__Gemmatimonadetes;c__Gemmatimonadetes;o__Gemmatimonadales;f__,0,0,0,0,0,0,0,0,54,0,0,0
k__Bacteria;p__Proteobacteria;c__Alphaproteobacteria;o__Sphingomonadales;f__,0,0,0,0,0,0,0,0,0,87,0,0
k__Bacteria;p__Actinobacteria;c__Actinobacteria;o__Actinomycetales;f__Gordoniaceae,0,0,0,0,0,0,0,21,0,89,0,0
k__Bacteria;p__Proteobacteria;c__Betaproteobacteria;o__Burkholderiales;f__Burkholderiaceae,41,0,0,0,0,0,0,53,52,0,0,0
k__Bacteria;p__Chlamydiae;c__Chlamydiia;o__Chlamydiales;f__,0,0,52,0,45,0,0,0,0,0,0,0
k__Bacteria;p__Actinobacteria;c__Actinobacteria;o__Actinomycetales;f__Cellulomonadaceae,0,0,0,9,0,0,0,52,0,0,0,0
k__Bacteria;p__Bacteroidetes;c__Bacteroidia;o__Bacteroidales;f__[Paraprevotellaceae],51,0,49,0,0,0,0,0,0,49,0,0
k__Bacteria;p__Firmicutes;c__Clostridia;o__Clostridiales;f__Veillonellaceae,39,0,0,0,0,0,0,48,0,85,0,0
k__Bacteria;p__Actinobacteria;c__Actinobacteria;o__Actinomycetales;f__Intrasporangiaceae,0,0,0,0,0,3,0,0,87,156,0,0
k__Bacteria;p__Proteobacteria;c__Alphaproteobacteria;o__Rhizobiales;f__Phyllobacteriaceae,0,0,0,0,107,0,0,0,0,0,0,0
k__Archaea;p__Euryarchaeota;c__Methanomicrobia;o__Methanosarcinales;f__Methanosarcinaceae,0,0,0,0,0,0,0,0,0,96,0,0
k__Bacteria;p__Proteobacteria;__;__;__,0,0,0,0,0,0,0,3,0,0,49,0
k__Bacteria;p__Proteobacteria;c__Alphaproteobacteria;o__Rhizobiales;f__Bradyrhizobiaceae,47,0,0,5,0,0,42,0,179,0,0,0
k__Bacteria;p__Proteobacteria;c__Betaproteobacteria;o__Burkholderiales;f__Alcaligenaceae,0,0,94,0,0,0,0,0,0,0,0,0
k__Bacteria;p__Fusobacteria;c__Fusobacteriia;o__Fusobacteriales;f__Leptotrichiaceae,0,0,0,0,0,0,48,0,0,0,0,0
k__Bacteria;p__Planctomycetes;c__Planctomycetia;o__Gemmatales;f__Isosphaeraceae,0,0,0,0,0,0,0,48,40,0,0,0
k__Bacteria;p__Proteobacteria;c__Alphaproteobacteria;__;__,0,0,2,0,0,43,0,0,55,0,0,0
k__Bacteria;p__Proteobacteria;c__Alphaproteobacteria;o__Rhizobiales;f__Hyphomicrobiaceae,0,0,47,0,0,0,0,0,9,0,0,0
k__Bacteria;p__Actinobacteria;c__Thermoleophilia;o__Solirubrobacterales;f__Patulibacteraceae,0,0,44,0,0,0,0,0,57,0,47,0
k__Bacteria;p__Bacteroidetes;c__Bacteroidia;o__Bacteroidales;f__S24-7,0,0,0,24,0,0,0,0,0,0,119,19
k__Bacteria;p__Bacteroidetes;c__Bacteroidia;o__Bacteroidales;f__Bacteroidaceae,0,0,0,0,46,0,0,0,0,0,0,0
k__Bacteria;p__Actinobacteria;c__Coriobacteriia;o__Coriobacteriales;f__Coriobacteriaceae,0,0,0,0,0,0,0,46,0,0,0,0
k__Bacteria;p__Acidobacteria;c__Acidobacteriia;o__Acidobacteriales;f__Acidobacteriaceae,0,0,0,0,0,0,0,0,108,0,0,0
k__Bacteria;p__Bacteroidetes;c__Sphingobacteriia;o__Sphingobacteriales;f__,0,0,67,0,0,0,0,0,54,94,0,0
k__Bacteria;p__Gemmatimonadetes;c__Gemmatimonadetes;o__;f__,0,0,0,0,0,0,0,0,52,0,0,0
k__Bacteria;p__Chloroflexi;c__Ellin6529;o__;f__,0,0,0,0,0,0,0,0,61,0,0,0
k__Bacteria;p__Actinobacteria;c__Acidimicrobiia;o__Acidimicrobiales;f__Iamiaceae,44,0,0,0,0,0,0,0,0,0,0,0
k__Bacteria;p__Proteobacteria;c__Betaproteobacteria;o__Burkholderiales;__,0,0,0,0,0,0,0,0,0,44,0,0
k__Bacteria;p__Proteobacteria;c__Gammaproteobacteria;o__Pasteurellales;f__Pasteurellaceae,0,0,0,0,0,0,0,0,0,0,52,0
k__Bacteria;p__Chloroflexi;c__Chloroflexi;o__AKIW781;f__,0,0,0,0,0,0,0,0,55,0,0,0
k__Bacteria;p__Cyanobacteria;c__Chloroplast;o__Cryptophyta;f__,0,42,0,0,0,0,0,0,0,0,0,0
k__Bacteria;p__Actinobacteria;c__Actinobacteria;o__Actinomycetales;f__Micromonosporaceae,0,0,0,0,34,0,0,3,103,0,0,0
k__Bacteria;p__Armatimonadetes;c__OPB50;o__;f__,0,0,0,0,0,0,0,0,42,0,0,0
k__Bacteria;p__Actinobacteria;c__Thermoleophilia;o__;f__,0,0,0,0,0,0,0,0,0,132,0,0
k__Bacteria;p__Verrucomicrobia;c__Verrucomicrobiae;o__Verrucomicrobiales;f__Verrucomicrobiaceae,0,0,0,0,0,0,0,0,0,115,0,0
k__Bacteria;p__Proteobacteria;c__Deltaproteobacteria;o__Desulfovibrionales;f__Desulfovibrionaceae,0,0,0,0,0,0,0,0,0,0,94,0
k__Bacteria;p__Proteobacteria;c__Betaproteobacteria;__;__,0,0,0,8,0,0,0,0,0,0,42,0
k__Bacteria;p__Spirochaetes;c__Spirochaetes;o__Spirochaetales;f__Spirochaetaceae,0,0,0,0,0,0,0,0,40,0,0,0
k__Bacteria;p__Firmicutes;c__Clostridia;o__Clostridiales;f__,0,0,0,0,25,0,0,0,0,0,122,0
k__Bacteria;p__Actinobacteria;c__Actinobacteria;o__Actinomycetales;f__Dietziaceae,0,0,0,0,0,0,39,0,0,0,0,0
k__Bacteria;p__Proteobacteria;c__Deltaproteobacteria;o__;f__,0,0,0,0,0,0,0,38,0,0,0,0
k__Bacteria;p__Firmicutes;c__Bacilli;o__Bacillales;f__Alicyclobacillaceae,0,0,0,0,0,0,0,0,76,0,0,0
k__Bacteria;p__Bacteroidetes;c__[Saprospirae];o__[Saprospirales];__,0,0,0,0,0,0,0,0,0,0,38,0
k__Bacteria;p__Gemmatimonadetes;c__Gemm-1;o__;f__,0,0,0,0,0,0,0,0,37,0,0,0
k__Bacteria;p__Bacteroidetes;c__Bacteroidia;o__Bacteroidales;f__Prevotellaceae,0,0,94,0,0,0,0,0,0,0,0,0
k__Bacteria;p__Cyanobacteria;c__Chloroplast;o__;f__,0,0,0,0,0,36,0,0,0,0,0,0
k__Bacteria;p__Proteobacteria;c__Alphaproteobacteria;o__Rhodospirillales;f__,0,0,0,0,0,0,0,20,35,0,0,0
k__Bacteria;p__Actinobacteria;c__Actinobacteria;o__Micrococcales;f__,0,0,0,0,0,0,0,0,35,0,0,0
k__Bacteria;p__Proteobacteria;c__Alphaproteobacteria;o__Rhizobiales;__,3,0,65,12,0,0,0,0,4,0,0,10
k__Bacteria;p__Proteobacteria;c__Deltaproteobacteria;o__Myxococcales;f__Polyangiaceae,0,0,0,0,0,0,48,0,0,0,0,0
k__Bacteria;p__Proteobacteria;c__Gammaproteobacteria;o__Oceanospirillales;f__Halomonadaceae,0,0,0,0,0,0,0,32,0,0,0,0
k__Bacteria;p__Acidobacteria;c__Acidobacteriia;o__Acidobacteriales;f__Koribacteraceae,0,0,0,0,0,0,0,60,0,0,0,0
k__Bacteria;p__Proteobacteria;c__Betaproteobacteria;o__Methylophilales;f__,0,0,0,0,0,0,0,57,0,0,0,0
k__Bacteria;p__Proteobacteria;c__Alphaproteobacteria;o__Sphingomonadales;f__Erythrobacteraceae,0,0,0,0,0,0,0,0,31,0,0,0
k__Bacteria;p__Chloroflexi;c__TK10;o__AKYG885;f__Dolo_23,0,0,0,0,0,0,0,0,31,0,0,0
k__Bacteria;p__Proteobacteria;c__Deltaproteobacteria;o__MIZ46;f__,0,0,0,0,0,0,0,0,30,0,0,0
k__Bacteria;p__Actinobacteria;c__Actinobacteria;o__Actinomycetales;f__Propionibacteriaceae,0,0,0,0,0,0,0,0,0,30,0,0
k__Bacteria;p__Actinobacteria;c__Actinobacteria;o__Actinomycetales;f__Nocardiaceae,27,0,0,0,0,0,0,0,0,0,0,0
k__Bacteria;p__Firmicutes;c__Bacilli;o__Bacillales;f__[Thermicanaceae],0,0,54,0,0,0,0,0,0,0,0,0
k__Bacteria;p__Cyanobacteria;c__4C0d-2;o__YS2;f__,0,0,0,0,0,0,0,0,54,0,0,0
k__Bacteria;p__Cyanobacteria;c__Chloroplast;__;__,26,18,0,0,0,0,0,0,0,0,0,0
k__Bacteria;p__Firmicutes;c__Clostridia;o__Natranaerobiales;f__Natranaerobiaceae,0,0,0,0,0,0,0,21,0,0,0,0
k__Bacteria;p__Firmicutes;__;__;__,0,0,0,0,0,0,0,0,0,0,0,20
k__Bacteria;p__Firmicutes;c__Clostridia;o__Clostridiales;f__Peptostreptococcaceae,19,0,0,0,0,0,0,0,0,0,0,0
k__Bacteria;p__Bacteroidetes;c__Bacteroidia;o__Bacteroidales;f__Rikenellaceae,0,0,17,0,0,0,0,0,0,0,0,11
k__Bacteria;p__Proteobacteria;c__Epsilonproteobacteria;o__Campylobacterales;f__Campylobacteraceae,0,0,0,0,0,0,0,0,0,0,0,17
k__Bacteria;p__Chlamydiae;c__Chlamydiia;o__Chlamydiales;__,0,0,0,0,0,12,0,0,0,0,0,0
k__Bacteria;p__Proteobacteria;c__Gammaproteobacteria;o__Legionellales;f__Coxiellaceae,0,0,0,0,0,0,0,0,12,0,0,0
k__Bacteria;p__Bacteroidetes;c__Bacteroidia;o__Bacteroidales;f__Porphyromonadaceae,0,0,10,0,0,0,0,0,0,0,0,0
k__Bacteria;p__Firmicutes;c__Bacilli;o__Bacillales;f__Listeriaceae,0,0,0,9,0,0,0,0,0,0,0,0
k__Bacteria;p__Proteobacteria;c__Epsilonproteobacteria;o__Campylobacterales;f__Helicobacteraceae,0,6,0,0,0,0,0,0,0,0,0,0
k__Bacteria;p__Proteobacteria;c__Alphaproteobacteria;o__;f__,0,0,0,0,0,0,0,10,0,0,0,0
k__Bacteria;p__Cyanobacteria;c__Nostocophycideae;o__Nostocales;__,0,0,0,0,0,0,0,0,6,0,0,0
k__Bacteria;p__Actinobacteria;__;__;__,0,0,0,0,0,0,0,0,3,0,0,0
k__Bacteria;p__Proteobacteria;c__Gammaproteobacteria;o__Legionellales;__,0,0,0,0,0,0,0,0,2,0,0,0
k__Bacteria;p__Firmicutes;c__Bacilli;o__Bacillales;f__Thermoactinomycetaceae,0,0,0,0,0,0,0,0,2,0,0,0